{"cameraMode":{"drawMode":0,"name":"Shaded","section":"Shading Mode"},"sceneLighting":true,"audioPlay":false,"sceneViewState":{"m_AlwaysRefresh":false,"showFog":true,"showSkybox":true,"showFlares":true,"showImageEffects":true,"showParticleSystems":true,"showVisualEffectGraphs":true,"m_FxEnabled":true},"in2DMode":false,"pivot":{"x":-1.1913337707519532,"y":0.32163071632385256,"z":2.6602840423583986},"rotation":{"x":0.0720815509557724,"y":0.6086810827255249,"z":-0.05566595122218132,"w":0.788174033164978},"size":1.5784327983856202,"orthographic":false}