{"cameraMode":{"drawMode":0,"name":"Shaded","section":"Shading Mode"},"sceneLighting":true,"audioPlay":false,"sceneViewState":{"m_AlwaysRefresh":false,"showFog":true,"showSkybox":true,"showFlares":true,"showImageEffects":true,"showParticleSystems":true,"showVisualEffectGraphs":true,"m_FxEnabled":true},"in2DMode":false,"pivot":{"x":-1.5191468000411988,"y":3.2918057441711427,"z":184.2349853515625},"rotation":{"x":-0.004486032295972109,"y":-1.000737190246582,"z":0.019863435998558999,"w":0.006809035316109657},"size":0.41012847423553469,"orthographic":false}