{"cameraMode":{"drawMode":0,"name":"Shaded","section":"Shading Mode"},"sceneLighting":true,"audioPlay":false,"sceneViewState":{"m_AlwaysRefresh":false,"showFog":true,"showSkybox":true,"showFlares":true,"showImageEffects":true,"showParticleSystems":true,"showVisualEffectGraphs":true,"m_FxEnabled":true},"in2DMode":false,"pivot":{"x":360.871826171875,"y":210.36590576171876,"z":330.9640197753906},"rotation":{"x":0.018870173022150995,"y":0.9318363070487976,"z":-0.35907891392707827,"w":0.04896683618426323},"size":373.74334716796877,"orthographic":false}