{"cameraMode":{"drawMode":0,"name":"Shaded","section":"Shading Mode"},"sceneLighting":true,"audioPlay":false,"sceneViewState":{"m_AlwaysRefresh":false,"showFog":true,"showSkybox":true,"showFlares":true,"showImageEffects":true,"showParticleSystems":true,"showVisualEffectGraphs":true,"m_FxEnabled":true},"in2DMode":false,"pivot":{"x":-6.382559299468994,"y":0.8643120527267456,"z":3.612215757369995},"rotation":{"x":-0.012218741700053215,"y":-0.24385122954845429,"z":0.0031365419272333385,"w":-0.9698171019554138},"size":0.027412256225943567,"orthographic":false}