{"cameraMode":{"drawMode":0,"name":"Shaded","section":"Shading Mode"},"sceneLighting":true,"audioPlay":false,"sceneViewState":{"m_AlwaysRefresh":false,"showFog":true,"showSkybox":true,"showFlares":true,"showImageEffects":true,"showParticleSystems":true,"showVisualEffectGraphs":true,"m_FxEnabled":true},"in2DMode":false,"pivot":{"x":-2.0133912563323976,"y":1.6340891122817994,"z":-2.062206745147705},"rotation":{"x":0.0719667300581932,"y":0.12448380887508393,"z":-0.009265724569559098,"w":0.9896947145462036},"size":0.9918450713157654,"orthographic":false}