{"cameraMode":{"drawMode":0,"name":"Shaded","section":"Shading Mode"},"sceneLighting":true,"audioPlay":false,"sceneViewState":{"m_AlwaysRefresh":false,"showFog":true,"showSkybox":true,"showFlares":true,"showImageEffects":true,"showParticleSystems":true,"showVisualEffectGraphs":true,"m_FxEnabled":true},"in2DMode":false,"pivot":{"x":2.3964498043060304,"y":-0.1473522186279297,"z":76.76919555664063},"rotation":{"x":0.17396458983421327,"y":0.03107384219765663,"z":-0.0006093911360949278,"w":0.985274612903595},"size":14.69317626953125,"orthographic":false}