{"cameraMode":{"drawMode":0,"name":"Shaded","section":"Shading Mode"},"sceneLighting":true,"audioPlay":false,"sceneViewState":{"m_AlwaysRefresh":false,"showFog":true,"showSkybox":true,"showFlares":true,"showImageEffects":true,"showParticleSystems":true,"showVisualEffectGraphs":true,"m_FxEnabled":true},"in2DMode":false,"pivot":{"x":0.15218210220336915,"y":0.6300766468048096,"z":2.9770398139953615},"rotation":{"x":-0.032374247908592227,"y":-0.9643216133117676,"z":0.14042825996875764,"w":-0.2222066968679428},"size":2.4611988067626955,"orthographic":false}