{"cameraMode":{"drawMode":0,"name":"Shaded","section":"Shading Mode"},"sceneLighting":true,"audioPlay":false,"sceneViewState":{"m_AlwaysRefresh":false,"showFog":true,"showSkybox":true,"showFlares":true,"showImageEffects":true,"showParticleSystems":true,"showVisualEffectGraphs":true,"m_FxEnabled":true},"in2DMode":false,"pivot":{"x":-11.857789039611817,"y":16.26568603515625,"z":27.253923416137697},"rotation":{"x":-0.08728238195180893,"y":-0.8700043559074402,"z":0.16843290627002717,"w":-0.4557567834854126},"size":0.48050928115844729,"orthographic":false}